postId,id,name,email,body
1,1,id labore ex et quam laborum,Eliseo@gardner.biz,"laudantium enim quasi est quidem magnam voluptate ipsam eos
tempora quo necessitatibus
dolor quam autem quasi
reiciendis et nam sapiente accusantium"
1,2,quo vero reiciendis velit similique earum,Jayne_Kuhic@sydney.com,"est natus enim nihil est dolore omnis voluptatem numquam
et omnis occaecati quod ullam at
voluptatem error expedita pariatur
nihil sint nostrum voluptatem reiciendis et"
1,3,odio adipisci rerum aut animi,Nikita@garfield.biz,"quia molestiae reprehenderit quasi aspernatur
aut expedita occaecati aliquam eveniet laudantium
omnis quibusdam delectus saepe quia accusamus maiores nam est
cum et ducimus et vero voluptates excepturi deleniti ratione"
1,4,alias odio sit,Lew@alysha.tv,"non et atque
occaecati deserunt quas accusantium unde odit nobis qui voluptatem
quia voluptas consequuntur itaque dolor
et qui rerum deleniti ut occaecati"
1,5,vero eaque aliquid doloribus et culpa,Hayden@althea.biz,"harum non quasi et ratione
tempore iure ex voluptates in ratione
harum architecto fugit inventore cupiditate
voluptates magni quo et"
2,6,et fugit eligendi deleniti quidem qui sint nihil autem,Presley.Mueller@myrl.com,"doloribus at sed quis culpa deserunt consectetur qui praesentium
accusamus fugiat dicta
voluptatem rerum ut voluptate autem
voluptatem repellendus aspernatur dolorem in"
2,7,repellat consequatur praesentium vel minus molestias voluptatum,Dallas@ole.me,"maiores sed dolores similique labore et inventore et
quasi temporibus esse sunt id et
eos voluptatem aliquam
aliquid ratione corporis molestiae mollitia quia et magnam dolor"
2,8,et omnis dolorem,Mallory_Kunze@marie.org,"ut voluptatem corrupti velit
ad voluptatem maiores
et nisi velit vero accusamus maiores
voluptates quia aliquid ullam eaque"
2,9,provident id voluptas,Meghan_Littel@rene.us,"sapiente assumenda molestiae atque
adipisci laborum distinctio aperiam et ab ut omnis
et occaecati aspernatur odit sit rem expedita
quas enim ipsam minus"
2,10,eaque et deleniti atque tenetur ut quo ut,Carmen_Keeling@caroline.name,"voluptate iusto quis nobis reprehenderit ipsum amet nulla
quia quas dolores velit et non
aut quia necessitatibus
nostrum quaerat nulla et accusamus nisi facilis"
3,11,fugit labore quia mollitia quas deserunt nostrum sunt,Veronica_Goodwin@timmothy.net,"ut dolorum nostrum id quia aut est
fuga est inventore vel eligendi explicabo quis consectetur
aut occaecati repellat id natus quo est
ut blanditiis quia ut vel ut maiores ea"
3,12,modi ut eos dolores illum nam dolor,Oswald.Vandervort@leanne.org,"expedita maiores dignissimos facilis
ipsum est rem est fugit velit sequi
eum odio dolores dolor totam
occaecati ratione eius rem velit"
3,13,aut inventore non pariatur sit vitae voluptatem sapiente,Kariane@jadyn.tv,"fuga eos qui dolor rerum
inventore corporis exercitationem
corporis cupiditate et deserunt recusandae est sed quis culpa
eum maiores corporis et"
3,14,et officiis id praesentium hic aut ipsa dolorem repudiandae,Nathan@solon.io,"vel quae voluptas qui exercitationem
voluptatibus unde sed
minima et qui ipsam aspernatur
expedita magnam laudantium et et quaerat ut qui dolorum"
3,15,debitis magnam hic odit aut ullam nostrum tenetur,Maynard.Hodkiewicz@roberta.com,"nihil ut voluptates blanditiis autem odio dicta rerum
quisquam saepe et est
sunt quasi nemo laudantium deserunt
molestias tempora quo quia"
4,16,perferendis temporibus delectus optio ea eum ratione dolorum,Christine@ayana.info,"iste ut laborum aliquid velit facere itaque
quo ut soluta dicta voluptate
error tempore aut et
sequi reiciendis dignissimos expedita consequuntur libero sed fugiat facilis"
4,17,eos est animi quis,Preston_Hudson@blaise.tv,"consequatur necessitatibus totam sed sit dolorum
recusandae quae odio excepturi voluptatum harum voluptas
quisquam sit ad eveniet delectus
doloribus odio qui non labore"
4,18,aut et tenetur ducimus illum aut nulla ab,Vincenza_Klocko@albertha.name,"veritatis voluptates necessitatibus maiores corrupti
neque et exercitationem amet sit et
ullam velit sit magnam laborum
magni ut molestias"
4,19,sed impedit rerum quia et et inventore unde officiis,Madelynn.Gorczany@darion.biz,"doloribus est illo sed minima aperiam
ut dignissimos accusantium tempore atque et aut molestiae
magni ut accusamus voluptatem quos ut voluptates
quisquam porro sed architecto ut"
4,20,molestias expedita iste aliquid voluptates,Mariana_Orn@preston.org,"qui harum consequatur fugiat
et eligendi perferendis at molestiae commodi ducimus
doloremque asperiores numquam qui
ut sit dignissimos reprehenderit tempore"
5,21,aliquid rerum mollitia qui a consectetur eum sed,Noemie@marques.me,"deleniti aut sed molestias explicabo
commodi odio ratione nesciunt
voluptate doloremque est
nam autem error delectus"
5,22,porro repellendus aut tempore quis hic,Khalil@emile.co.uk,"qui ipsa animi nostrum praesentium voluptatibus odit
qui non impedit cum qui nostrum aliquid fuga explicabo
voluptatem fugit earum voluptas exercitationem temporibus dignissimos distinctio
esse inventore reprehenderit quidem ut incidunt nihil necessitatibus rerum"
5,23,quis tempora quidem nihil iste,Sophia@arianna.co.uk,"voluptates provident repellendus iusto perspiciatis ex fugiat ut
ut dolor nam aliquid et expedita voluptate
sunt vitae illo rerum in quos
vel eligendi enim quae fugiat est"
5,24,in tempore eos beatae est,Jeffery@juwan.us,"repudiandae repellat quia
sequi est dolore explicabo nihil et
et sit et
et praesentium iste atque asperiores tenetur"
5,25,autem ab ea sit alias hic provident sit,Isaias_Kuhic@jarrett.net,"sunt aut quae laboriosam sit ut impedit
adipisci harum laborum totam deleniti voluptas odit rem ea
non iure distinctio ut velit doloribus
et non ex"
6,26,in deleniti sunt provident soluta ratione veniam quam praesentium,Russel.Parker@kameron.io,"incidunt sapiente eaque dolor eos
ad est molestias
quas sit et nihil exercitationem at cumque ullam
nihil magnam et"
6,27,doloribus quibusdam molestiae amet illum,Francesco.Gleason@nella.us,"nisi vel quas ut laborum ratione
rerum magni eum
unde et voluptatem saepe
voluptas corporis modi amet ipsam eos saepe porro"
6,28,quo voluptates voluptas nisi veritatis dignissimos dolores ut officiis,Ronny@rosina.org,"voluptatem repellendus quo alias at laudantium
mollitia quidem esse
temporibus consequuntur vitae rerum illum
id corporis sit id"
6,29,eum distinctio amet dolor,Jennings_Pouros@erica.biz,"tempora voluptatem est
magnam distinctio autem est dolorem
et ipsa molestiae odit rerum itaque corporis nihil nam
eaque rerum error"
6,30,quasi nulla ducimus facilis non voluptas aut,Lurline@marvin.biz,"consequuntur quia voluptate assumenda et
autem voluptatem reiciendis ipsum animi est provident
earum aperiam sapiente ad vitae iste
accusantium aperiam eius qui dolore voluptatem et"
7,31,ex velit ut cum eius odio ad placeat,Buford@shaylee.biz,"quia incidunt ut
aliquid est ut rerum deleniti iure est
ipsum quia ea sint et
voluptatem quaerat eaque repudiandae eveniet aut"
7,32,dolorem architecto ut pariatur quae qui suscipit,Maria@laurel.name,"nihil ea itaque libero illo
officiis quo quo dicta inventore consequatur voluptas voluptatem
corporis sed necessitatibus velit tempore
rerum velit et temporibus"
7,33,voluptatum totam vel voluptate omnis,Jaeden.Towne@arlene.tv,"fugit harum quae vero
libero unde tempore
soluta eaque culpa sequi quibusdam nulla id
et et necessitatibus"
7,34,omnis nemo sunt ab autem,Ethelyn.Schneider@emelia.co.uk,"omnis temporibus quasi ab omnis
facilis et omnis illum quae quasi aut
minus iure ex rem ut reprehenderit
in non fugit"
7,35,repellendus sapiente omnis praesentium aliquam ipsum id molestiae omnis,Georgianna@florence.io,"dolor mollitia quidem facere et
vel est ut
ut repudiandae est quidem dolorem sed atque
rem quia aut adipisci sunt"
8,36,sit et quis,Raheem_Heaney@gretchen.biz,"aut vero est
dolor non aut excepturi dignissimos illo nisi aut quas
aut magni quia nostrum provident magnam quas modi maxime
voluptatem et molestiae"
8,37,beatae veniam nemo rerum voluptate quam aspernatur,Jacky@victoria.net,"qui rem amet aut
cumque maiores earum ut quia sit nam esse qui
iusto aspernatur quis voluptas
dolorem distinctio ex temporibus rem"
8,38,maiores dolores expedita,Piper@linwood.us,"unde voluptatem qui dicta
vel ad aut eos error consequatur voluptatem
adipisci doloribus qui est sit aut
velit aut et ea ratione eveniet iure fuga"
8,39,necessitatibus ratione aut ut delectus quae ut,Gaylord@russell.net,"atque consequatur dolorem sunt
adipisci autem et
voluptatibus et quae necessitatibus rerum eaque aperiam nostrum nemo
eligendi sed et beatae et inventore"
8,40,non minima omnis deleniti pariatur facere quibusdam at,Clare.Aufderhar@nicole.ca,"quod minus alias quos
perferendis labore molestias quae ut ut corporis deserunt vitae
et quaerat ut et ullam unde asperiores
cum voluptatem cumque"
9,41,voluptas deleniti ut,Lucio@gladys.tv,"facere repudiandae vitae ea aut sed quo ut et
facere nihil ut voluptates in
saepe cupiditate accusantium numquam dolores
inventore sint mollitia provident"
9,42,nam qui et,Shemar@ewell.name,"aut culpa quaerat veritatis eos debitis
aut repellat eius explicabo et
officiis quo sint at magni ratione et iure
incidunt quo sequi quia dolorum beatae qui"
9,43,molestias sint est voluptatem modi,Jackeline@eva.tv,"voluptatem ut possimus laborum quae ut commodi delectus
in et consequatur
in voluptas beatae molestiae
est rerum laborum et et velit sint ipsum dolorem"
9,44,hic molestiae et fuga ea maxime quod,Marianna_Wilkinson@rupert.io,"qui sunt commodi
sint vel optio vitae quis qui non distinctio
id quasi modi dicta
eos nihil sit inventore est numquam officiis"
9,45,autem illo facilis,Marcia@name.biz,"ipsum odio harum voluptatem sunt cumque et dolores
nihil laboriosam neque commodi qui est
quos numquam voluptatum
corporis quo in vitae similique cumque tempore"
10,46,dignissimos et deleniti voluptate et quod,Jeremy.Harann@waino.me,"exercitationem et id quae cum omnis
voluptatibus accusantium et quidem
ut ipsam sint
doloremque illo ex atque necessitatibus sed"
10,47,rerum commodi est non dolor nesciunt ut,Pearlie.Kling@sandy.com,"occaecati laudantium ratione non cumque
earum quod non enim soluta nisi velit similique voluptatibus
esse laudantium consequatur voluptatem rem eaque voluptatem aut ut
et sit quam"
10,48,consequatur animi dolorem saepe repellendus ut quo aut tenetur,Manuela_Stehr@chelsie.tv,"illum et alias quidem magni voluptatum
ab soluta ea qui saepe corrupti hic et
cum repellat esse
est sint vel veritatis officia consequuntur cum"
10,49,rerum placeat quae minus iusto eligendi,Camryn.Weimann@doris.io,"id est iure occaecati quam similique enim
ab repudiandae non
illum expedita quam excepturi soluta qui placeat
perspiciatis optio maiores non doloremque aut iusto sapiente"
10,50,dolorum soluta quidem ex quae occaecati dicta aut doloribus,Kiana_Predovic@yasmin.io,"eum accusamus aut delectus
architecto blanditiis quia sunt
rerum harum sit quos quia aspernatur vel corrupti inventore
animi dicta vel corporis"
11,51,molestias et odio ut commodi omnis ex,Laurie@lincoln.us,"perferendis omnis esse
voluptate sit mollitia sed perferendis
nemo nostrum qui
vel quis nisi doloribus animi odio id quas"
11,52,esse autem dolorum,Abigail.OConnell@june.org,"et enim voluptatem totam laudantium
impedit nam labore repellendus enim earum aut
consectetur mollitia fugit qui repellat expedita sunt
aut fugiat vel illo quos aspernatur ducimus"
11,53,maiores alias necessitatibus aut non,Laverne_Price@scotty.info,"a at tempore
molestiae odit qui dolores molestias dolorem et
laboriosam repudiandae placeat quisquam
autem aperiam consectetur maiores laboriosam nostrum"
11,54,culpa eius tempora sit consequatur neque iure deserunt,Kenton_Vandervort@friedrich.com,"et ipsa rem ullam cum pariatur similique quia
cum ipsam est sed aut inventore
provident sequi commodi enim inventore assumenda aut aut
tempora possimus soluta quia consequatur modi illo"
11,55,quas pariatur quia a doloribus,Hayden_Olson@marianna.me,"perferendis eaque labore laudantium ut molestiae soluta et
vero odio non corrupti error pariatur consectetur et
enim nam quia voluptatum non
mollitia culpa facere voluptas suscipit veniam"
12,56,et dolorem corrupti sed molestias,Vince_Crist@heidi.biz,"cum esse odio nihil reiciendis illum quaerat
est facere quia
occaecati sit totam fugiat in beatae
ut occaecati unde vitae nihil quidem consequatur"
12,57,qui quidem sed,Darron.Nikolaus@eulah.me,"dolorem facere itaque fuga odit autem
perferendis quisquam quis corrupti eius dicta
repudiandae error esse itaque aut
corrupti sint consequatur aliquid"
12,58,sint minus reiciendis qui perspiciatis id,Ezra_Abshire@lyda.us,"veritatis qui nihil
quia reprehenderit non ullam ea iusto
consectetur nam voluptas ut temporibus tempore provident error
eos et nisi et voluptate"
12,59,quis ducimus distinctio similique et illum minima ab libero,Jameson@tony.info,"cumque molestiae officia aut fugiat nemo autem
vero alias atque sed qui ratione quia
repellat vel earum
ea laudantium mollitia"
12,60,expedita libero quos cum commodi ad,Americo@estrella.net,"error eum quia voluptates alias repudiandae
accusantium veritatis maiores assumenda
quod impedit animi tempore veritatis
animi et et officiis labore impedit blanditiis repudiandae"
13,61,quidem itaque dolores quod laborum aliquid molestiae,Aurelio.Pfeffer@griffin.ca,"deserunt cumque laudantium
et et odit quia sint quia quidem
quibusdam debitis fuga in tempora deleniti
impedit consequatur veniam reiciendis autem porro minima"
13,62,libero beatae consequuntur optio est hic,Vesta_Crooks@dora.us,"tempore dolorum corrupti facilis
praesentium sunt iste recusandae
unde quisquam similique
alias consequuntur voluptates velit"
13,63,occaecati dolor accusantium et quasi architecto aut eveniet fugiat,Margarett_Klein@mike.biz,"aut eligendi et molestiae voluptatum tempora
officia nihil sit voluptatem aut deleniti
quaerat consequatur eaque
sapiente tempore commodi tenetur rerum qui quo"
13,64,consequatur aut ullam voluptas dolorum voluptatum sequi et,Freida@brandt.tv,"sed illum quis
ut aut culpa labore aspernatur illo
dolorem quia vitae ut aut quo repellendus est omnis
esse at est debitis"
13,65,earum ea ratione numquam,Mollie@agustina.name,"qui debitis vitae ratione
tempora impedit aperiam porro molestiae placeat vero laboriosam recusandae
praesentium consequatur facere et itaque quidem eveniet
magnam natus distinctio sapiente"
14,66,eius nam consequuntur,Janice@alda.io,"necessitatibus libero occaecati
vero inventore iste assumenda veritatis
asperiores non sit et quia omnis facere nemo explicabo
odit quo nobis porro"
14,67,omnis consequatur natus distinctio,Dashawn@garry.com,"nulla quo itaque beatae ad
officiis animi aut exercitationem voluptatum dolorem doloremque ducimus in
recusandae officia consequuntur quas
aspernatur dolores est esse dolores sit illo laboriosam quaerat"
14,68,architecto ut deserunt consequatur cumque sapiente,Devan.Nader@ettie.me,"sed magni accusantium numquam quidem omnis et voluptatem beatae
quos fugit libero
vel ipsa et nihil recusandae ea
iste nemo qui optio sit enim ut nostrum odit"
14,69,at aut ea iure accusantium voluptatum nihil ipsum,Joana.Schoen@leora.co.uk,"omnis dolor autem qui est natus
autem animi nemo voluptatum aut natus accusantium iure
inventore sunt ea tenetur commodi suscipit facere architecto consequatur
dolorem nihil veritatis consequuntur corporis"
14,70,eum magni accusantium labore aut cum et tenetur,Minerva.Anderson@devonte.ca,"omnis aliquam praesentium ad voluptatem harum aperiam dolor autem
hic asperiores quisquam ipsa necessitatibus suscipit
praesentium rem deserunt et
facere repellendus aut sed fugit qui est"
15,71,vel pariatur perferendis vero ab aut voluptates labore,Lavinia@lafayette.me,"mollitia magnam et
ipsum consequatur est expedita
aut rem ut ex doloremque est vitae est
cumque velit recusandae numquam libero dolor fuga fugit a"
15,72,quia sunt dolor dolor suscipit expedita quis,Sabrina.Marks@savanah.name,"quisquam voluptas ut
pariatur eos amet non
reprehenderit voluptates numquam
in est voluptatem dicta ipsa qui esse enim"
15,73,ut quia ipsa repellat sunt et sequi aut est,Desmond_Graham@kailee.biz,"nam qui possimus deserunt
inventore dignissimos nihil rerum ut consequatur vel architecto
tenetur recusandae voluptate
numquam dignissimos aliquid ut reprehenderit voluptatibus"
15,74,ut non illum pariatur dolor,Gussie_Kunde@sharon.biz,"non accusamus eum aut et est
accusantium animi nesciunt distinctio ea quas quisquam
sit ut voluptatem modi natus sint
facilis est qui molestias recusandae nemo"
15,75,minus laboriosam consequuntur,Richard@chelsie.co.uk,"natus numquam enim asperiores doloremque ullam et
est molestias doloribus cupiditate labore vitae aut voluptatem
itaque quos quo consectetur nihil illum veniam
nostrum voluptatum repudiandae ut"
16,76,porro ut soluta repellendus similique,Gage_Turner@halle.name,"sunt qui consequatur similique recusandae repellendus voluptates eos et
vero nostrum fugit magnam aliquam
reprehenderit nobis voluptatem eos consectetur possimus
et perferendis qui ea fugiat sit doloremque"
16,77,dolores et quo omnis voluptates,Alfred@sadye.biz,"eos ullam dolorem impedit labore mollitia
rerum non dolores
molestiae dignissimos qui maxime sed voluptate consequatur
doloremque praesentium magnam odio iste quae totam aut"
16,78,voluptas voluptas voluptatibus blanditiis,Catharine@jordyn.com,"qui adipisci eveniet excepturi iusto magni et
enim ducimus asperiores blanditiis nemo
commodi nihil ex
enim rerum vel nobis nostrum et non"
16,79,beatae ut ad quisquam sed repellendus et,Esther_Ratke@shayna.biz,"et inventore sapiente sed
sunt similique fugiat officia velit doloremque illo eligendi quas
sed rerum in quidem perferendis facere molestias
dolore dolor voluptas nam vel quia"
16,80,et cumque ad culpa ut eligendi non,Evangeline@chad.net,"dignissimos itaque ab et tempore odio omnis voluptatem
itaque perferendis rem repellendus tenetur nesciunt velit
qui cupiditate recusandae
quis debitis dolores aliquam nam"
17,81,aut non consequuntur dignissimos voluptatibus dolorem earum recusandae dolorem,Newton.Kertzmann@anjali.io,"illum et voluptatem quis repellendus quidem repellat
reprehenderit voluptas consequatur mollitia
praesentium nisi quo quod et
occaecati repellendus illo eius harum explicabo doloribus officia"
17,82,ea est non dolorum iste nihil est,Caleb_Herzog@rosamond.net,"officiis dolorem voluptas aliquid eveniet tempora qui
ea temporibus labore accusamus sint
ut sunt necessitatibus voluptatum animi cumque
at reiciendis voluptatem iure aliquid et qui dolores et"
17,83,nihil qui accusamus ratione et molestias et minus,Sage_Mueller@candace.net,"et consequatur voluptates magnam fugit sunt repellendus nihil earum
officiis aut cupiditate
et distinctio laboriosam
molestiae sunt dolor explicabo recusandae"
17,84,quia voluptatibus magnam voluptatem optio vel perspiciatis,Bernie.Bergnaum@lue.com,"ratione ut magni voluptas
explicabo natus quia consequatur nostrum aut
omnis enim in qui illum
aut atque laboriosam aliquid blanditiis quisquam et laborum"
17,85,non voluptas cum est quis aut consectetur nam,Alexzander_Davis@eduardo.name,"quisquam incidunt dolores sint qui doloribus provident
vel cupiditate deleniti alias voluptatem placeat ad
ut dolorem illum unde iure quis libero neque
ea et distinctio id"
18,86,suscipit est sunt vel illum sint,Jacquelyn@krista.info,"eum culpa debitis sint
eaque quia magni laudantium qui neque voluptas
voluptatem qui molestiae vel earum est ratione excepturi
sit aut explicabo et repudiandae ut perspiciatis"
18,87,dolor asperiores autem et omnis quasi nobis,Grover_Volkman@coty.tv,"assumenda corporis architecto repudiandae omnis qui et odit
perferendis velit enim
et quia reiciendis sint
quia voluptas quam deserunt facilis harum eligendi"
18,88,officiis aperiam odit sint est non,Jovanny@abigale.ca,"laudantium corrupti atque exercitationem quae enim et veniam dicta
autem perspiciatis sit dolores
minima consectetur tenetur iste facere
amet est neque"
18,89,in voluptatum nostrum voluptas iure nisi rerum est placeat,Isac_Schmeler@barton.com,"quibusdam rerum quia nostrum culpa
culpa est natus impedit quo rem voluptate quos
rerum culpa aut ut consectetur
sunt esse laudantium voluptatibus cupiditate rerum"
18,90,eum voluptas dolores molestias odio amet repellendus,Sandy.Erdman@sabina.info,"vitae cupiditate excepturi eum veniam laudantium aspernatur blanditiis
aspernatur quia ut assumenda et magni enim magnam
in voluptate tempora
non qui voluptatem reprehenderit porro qui voluptatibus"
19,91,repellendus est laboriosam voluptas veritatis,Alexandro@garry.io,"qui nisi at maxime deleniti quo
ex quas tenetur nam
deleniti aut asperiores deserunt cum ex eaque alias sit
et veniam ab consequatur molestiae"
19,92,repellendus aspernatur occaecati tempore blanditiis deleniti omnis qui distinctio,Vickie_Schuster@harley.net,"nihil necessitatibus omnis asperiores nobis praesentium quia
ab debitis quo deleniti aut sequi commodi
ut perspiciatis quod est magnam aliquam modi
eum quos aliquid ea est"
19,93,mollitia dolor deleniti sed iure laudantium,Roma_Doyle@alia.com,"ut quis et id repellat labore
nobis itaque quae saepe est ullam aut
dolor id ut quis
sunt iure voluptates expedita voluptas doloribus modi saepe autem"
19,94,vero repudiandae voluptatem nobis,Tatum_Marks@jaylon.name,"reiciendis delectus nulla quae voluptas nihil provident quia
ab corporis nesciunt blanditiis quibusdam et unde et
magni eligendi aperiam corrupti perspiciatis quasi
neque iure voluptatibus mollitia"
19,95,voluptatem unde quos provident ad qui sit et excepturi,Juston.Ruecker@scot.tv,"at ut tenetur rem
ut fuga quis ea magnam alias
aut tempore fugiat laboriosam porro quia iure qui
architecto est enim"
20,96,non sit ad culpa quis,River.Grady@lavada.biz,"eum itaque quam
laboriosam sequi ullam quos nobis
omnis dignissimos nam dolores
facere id suscipit aliquid culpa rerum quis"
20,97,reiciendis culpa omnis suscipit est,Claudia@emilia.ca,"est ducimus voluptate saepe iusto repudiandae recusandae et
sint fugit voluptas eum itaque
odit ab eos voluptas molestiae necessitatibus earum possimus voluptatem
quibusdam aut illo beatae qui delectus aut officia veritatis"
20,98,praesentium dolorem ea voluptate et,Torrey@june.tv,"ex et expedita cum voluptatem
voluptatem ab expedita quis nihil
esse quo nihil perferendis dolores velit ut culpa aut
dolor maxime necessitatibus voluptatem"
20,99,laudantium delectus nam,Hildegard.Aufderhar@howard.com,"aut quam consequatur sit et
repellat maiores laborum similique voluptatem necessitatibus nihil
et debitis nemo occaecati cupiditate
modi dolorum quia aut"
20,100,et sint quia dolor et est ea nulla cum,Leone_Fay@orrin.com,"architecto dolorem ab explicabo et provident et
et eos illo omnis mollitia ex aliquam
atque ut ipsum nulla nihil
quis voluptas aut debitis facilis"
