userId,id,title,body
1,1,sunt aut facere repellat provident occaecati excepturi optio reprehenderit,"quia et suscipit
suscipit recusandae consequuntur expedita et cum
reprehenderit molestiae ut ut quas totam
nostrum rerum est autem sunt rem eveniet architecto"
1,2,qui est esse,"est rerum tempore vitae
sequi sint nihil reprehenderit dolor beatae ea dolores neque
fugiat blanditiis voluptate porro vel nihil molestiae ut reiciendis
qui aperiam non debitis possimus qui neque nisi nulla"
1,3,ea molestias quasi exercitationem repellat qui ipsa sit aut,"et iusto sed quo iure
voluptatem occaecati omnis eligendi aut ad
voluptatem doloribus vel accusantium quis pariatur
molestiae porro eius odio et labore et velit aut"
1,4,eum et est occaecati,"ullam et saepe reiciendis voluptatem adipisci
sit amet autem assumenda provident rerum culpa
quis hic commodi nesciunt rem tenetur doloremque ipsam iure
quis sunt voluptatem rerum illo velit"
1,5,nesciunt quas odio,"repudiandae veniam quaerat sunt sed
alias aut fugiat sit autem sed est
voluptatem omnis possimus esse voluptatibus quis
est aut tenetur dolor neque"
1,6,dolorem eum magni eos aperiam quia,"ut aspernatur corporis harum nihil quis provident sequi
mollitia nobis aliquid molestiae
perspiciatis et ea nemo ab reprehenderit accusantium quas
voluptate dolores velit et doloremque molestiae"
1,7,magnam facilis autem,"dolore placeat quibusdam ea quo vitae
magni quis enim qui quis quo nemo aut saepe
quidem repellat excepturi ut quia
sunt ut sequi eos ea sed quas"
1,8,dolorem dolore est ipsam,"dignissimos aperiam dolorem qui eum
facilis quibusdam animi sint suscipit qui sint possimus cum
quaerat magni maiores excepturi
ipsam ut commodi dolor voluptatum modi aut vitae"
1,9,nesciunt iure omnis dolorem tempora et accusantium,"consectetur animi nesciunt iure dolore
enim quia ad
veniam autem ut quam aut nobis
et est aut quod aut provident voluptas autem voluptas"
1,10,optio molestias id quia eum,"quo et expedita modi cum officia vel magni
doloribus qui repudiandae
vero nisi sit
quos veniam quod sed accusamus veritatis error"
2,11,et ea vero quia laudantium autem,"delectus reiciendis molestiae occaecati non minima eveniet qui voluptatibus
accusamus in eum beatae sit
vel qui neque voluptates ut commodi qui incidunt
ut animi commodi"
2,12,in quibusdam tempore odit est dolorem,"itaque id aut magnam
praesentium quia et ea odit et ea voluptas et
sapiente quia nihil amet occaecati quia id voluptatem
incidunt ea est distinctio odio"
2,13,dolorum ut in voluptas mollitia et saepe quo animi,"aut dicta possimus sint mollitia voluptas commodi quo doloremque
iste corrupti reiciendis voluptatem eius rerum
sit cumque quod eligendi laborum minima
perferendis recusandae assumenda consectetur porro architecto ipsum ipsam"
2,14,voluptatem eligendi optio,"fuga et accusamus dolorum perferendis illo voluptas
non doloremque neque facere
ad qui dolorum molestiae beatae
sed aut voluptas totam sit illum"
2,15,eveniet quod temporibus,"reprehenderit quos placeat
velit minima officia dolores impedit repudiandae molestiae nam
voluptas recusandae quis delectus
officiis harum fugiat vitae"
2,16,sint suscipit perspiciatis velit dolorum rerum ipsa laboriosam odio,"suscipit nam nisi quo aperiam aut
asperiores eos fugit maiores voluptatibus quia
voluptatem quis ullam qui in alias quia est
consequatur magni mollitia accusamus ea nisi voluptate dicta"
2,17,fugit voluptas sed molestias voluptatem provident,"eos voluptas et aut odit natus earum
aspernatur fuga molestiae ullam
deserunt ratione qui eos
qui nihil ratione nemo velit ut aut id quo"
2,18,voluptate et itaque vero tempora molestiae,"eveniet quo quis
laborum totam consequatur non dolor
ut et est repudiandae
est voluptatem vel debitis et magnam"
2,19,adipisci placeat illum aut reiciendis qui,"illum quis cupiditate provident sit magnam
ea sed aut omnis
veniam maiores ullam consequatur atque
adipisci quo iste expedita sit quos voluptas"
2,20,doloribus ad provident suscipit at,"qui consequuntur ducimus possimus quisquam amet similique
suscipit porro ipsam amet
eos veritatis officiis exercitationem vel fugit aut necessitatibus totam
omnis rerum consequatur expedita quidem cumque explicabo"
